customers,marketing_spend,online_orders,avg_order_value,day_of_week,weather,revenue
152,5777.0,102,637.79,Fri,Rainy,38891.94
485,4854.0,81,392.44,Thu,Sunny,75271.71
398,3491.0,20,394.95,Tue,Sunny,52645.49
320,4124.0,114,616.31,Wed,Cloudy,57394.53
156,6691.0,23,267.14,Thu,Rainy,20705.51
121,4051.0,69,177.33,Thu,Rainy,347084.28
238,1004.0,39,348.24,Sun,Cloudy,37240.94
70,6222.0,44,301.07,Tue,Cloudy,25596.64
152,6315.0,174,307.42,Mon,Sunny,37867.98
171,,14,263.53,Tue,Sunny,29550.92
264,1876.0,92,129.47,Wed,Cloudy,38785.18
380,8027.0,132,112.51,Thu,Rainy,55596.42
137,5142.0,87,791.41,Tue,Sunny,35665.45
422,7966.0,163,399.44,Mon,,73262.82
149,8079.0,71,369.03,Sun,Rainy,31252.54
409,8987.0,141,575.75,Tue,Sunny,75708.78
201,7799.0,98,252.78,Fri,Rainy,40030.78
180,5465.0,51,764.97,Sun,Rainy,41581.45
199,1635.0,98,650.44,Mon,Rainy,44287.91
358,2693.0,155,162.59,Wed,Cloudy,52669.47
307,5752.0,49,392.31,Thu,Cloudy,1041252.8400000001
393,9311.0,81,715.38,Tue,Cloudy,67457.12
463,1830.0,48,761.31,Mon,Rainy,72541.22
343,6177.0,113,427.18,Sun,Rainy,54930.44
435,9932.0,23,529.39,Fri,Cloudy,64682.93
241,9308.0,41,216.92,Mon,Sunny,42129.52
493,6949.0,188,793.82,Sat,Rainy,76600.5
326,3838.0,134,262.17,Fri,Sunny,51341.61
210,2150.0,175,759.91,Sun,Sunny,39036.76
363,8560.0,106,554.75,Wed,Rainy,67925.42
71,,32,525.42,Thu,Rainy,25596.65
302,2664.0,72,458.88,Sun,Sunny,44534.64
285,2081.0,152,261.47,Wed,,49528.41
394,1512.0,162,223.57,Tue,Cloudy,64438.83
98,8805.0,154,254.34,Mon,Cloudy,34831.45
108,6237.0,62,230.51,Sat,Rainy,25579.5
219,1559.0,113,645.71,Fri,Cloudy,46534.37
237,4672.0,113,345.09,Fri,Cloudy,39757.29
320,8404.0,188,140.49,Mon,Cloudy,57046.16
239,4343.0,48,778.37,Sat,Cloudy,43894.43
495,5070.0,188,718.65,Mon,Sunny,79966.81
224,1580.0,143,749.43,Tue,Rainy,46715.77
495,8004.0,76,796.44,Wed,Cloudy,83287.45
100,9130.0,144,221.73,Sun,Sunny,35647.49
413,4147.0,188,377.37,Fri,Sunny,69263.93
104,5249.0,51,630.77,Tue,Sunny,31900.4
293,2679.0,24,587.21,Wed,Cloudy,50577.77
369,4506.0,120,207.73,Tue,Cloudy,70438.42
180,8253.0,166,671.08,Sat,Rainy,37518.44
356,3744.0,42,257.11,Fri,Cloudy,48232.18
184,6188.0,164,256.67,Sun,Cloudy,46450.73
70,3141.0,173,475.88,Mon,Sunny,24940.93
378,7617.0,166,515.06,Mon,Rainy,71908.52
216,3479.0,47,506.06,Wed,Cloudy,39794.15
323,7484.0,194,164.04,Sun,Cloudy,67433.81
437,8421.0,106,714.22,Thu,Sunny,69624.83
138,5452.0,164,285.92,Sat,Sunny,39519.4
365,6881.0,192,190.66,Wed,Cloudy,70512.61
63,7665.0,42,722.12,Thu,Rainy,21551.71
291,3849.0,95,768.96,Tue,Rainy,58197.95
314,8390.0,75,703.49,Sat,Sunny,53866.86
395,7905.0,19,666.66,Tue,Sunny,64824.71
102,3489.0,14,558.67,Sun,Cloudy,22828.31
435,5611.0,132,485.6,Fri,Sunny,58559.03
389,3839.0,83,160.89,Sat,Cloudy,58435.72
141,9527.0,106,385.92,Thu,Rainy,36347.1
416,6878.0,127,360.88,Fri,Rainy,74580.99
493,7303.0,47,281.83,Mon,Cloudy,74635.57
477,,150,606.39,Thu,Sunny,86771.07
313,2687.0,168,447.11,Wed,Rainy,55351.46
480,7833.0,56,156.73,Mon,Sunny,68489.7
84,3427.0,118,254.13,Mon,Rainy,21611.77
255,5000.0,189,578.28,Wed,Cloudy,50526.26
130,,193,153.29,Sat,Cloudy,21352.2
469,3738.0,24,695.84,Mon,Cloudy,69807.03
99,6732.0,166,446.6,Sun,Rainy,21925.33
409,,145,436.41,Thu,Sunny,70245.92
437,9002.0,14,514.69,Fri,Sunny,61861.65
51,6536.0,166,677.28,Mon,Sunny,25336.34
439,4913.0,56,343.47,Thu,Rainy,61215.4
103,2066.0,77,574.61,Tue,Rainy,25457.27
155,8723.0,85,496.01,Thu,Rainy,37302.89
309,5380.0,182,286.92,Fri,Rainy,60210.2
359,5107.0,139,715.04,Thu,Rainy,61953.55
240,,164,658.2,Wed,Sunny,54654.53
451,4373.0,104,560.92,Fri,Rainy,84886.54
267,9945.0,124,695.41,Sat,Rainy,58513.9
93,3082.0,173,707.11,Tue,Sunny,31979.8
211,9967.0,45,595.85,Wed,Rainy,40585.59
251,7748.0,35,685.91,Sat,Sunny,47385.39
495,1417.0,52,588.23,Thu,Sunny,67525.95
319,9306.0,36,576.1,Fri,Cloudy,57509.61
400,9808.0,78,533.03,Tue,Cloudy,68259.57
353,4974.0,157,626.9,Wed,Cloudy,52781.6
320,4267.0,20,211.02,Sat,Cloudy,45886.11
264,1825.0,83,716.61,Sat,Rainy,53419.88
301,8668.0,113,710.29,Tue,Cloudy,57363.19
239,6745.0,47,120.47,Sun,Sunny,34968.57
345,1412.0,143,678.07,Thu,Rainy,52962.15
262,8543.0,32,190.21,Tue,Cloudy,33437.59
257,8587.0,56,334.58,Sat,Sunny,49685.05
286,1728.0,99,620.46,Mon,Rainy,49051.91
387,8164.0,55,212.53,Wed,Rainy,62769.26
416,9867.0,116,672.58,Tue,Cloudy,81358.92
102,,149,682.49,Sun,Rainy,40123.99
329,3504.0,150,455.23,Sat,Sunny,53899.79
459,3967.0,113,104.47,Thu,Rainy,66194.99
266,3786.0,199,300.93,Sat,Sunny,46338.89
301,2122.0,120,531.85,Thu,Rainy,48253.91
237,5079.0,113,786.83,Tue,Cloudy,51669.73
429,2571.0,69,542.27,Thu,Sunny,60959.38
90,6073.0,180,281.86,Fri,Rainy,17840.54
206,6104.0,109,543.8,Fri,Rainy,38769.46
64,3143.0,77,477.99,Fri,Rainy,19679.84
350,7806.0,142,645.89,Sun,Sunny,72640.14
114,8357.0,129,174.89,Sun,Sunny,26984.26
394,4440.0,46,632.72,Mon,Sunny,65182.42
376,4766.0,81,478.89,Sun,Cloudy,59324.61
58,6644.0,136,774.09,Tue,Cloudy,36818.58
393,3914.0,115,339.31,Sat,Sunny,66916.33
178,5968.0,101,542.84,Sat,Rainy,45207.88
185,6917.0,40,752.42,Mon,Cloudy,32349.98
112,9787.0,131,171.76,Sun,Sunny,31429.62
188,1728.0,146,756.06,Thu,Rainy,46377.99
130,,60,581.52,Mon,Cloudy,31122.49
441,5492.0,38,147.49,Thu,Rainy,64608.93
212,1698.0,49,310.67,Thu,Rainy,34200.21
468,8186.0,50,595.72,Wed,Rainy,70420.68
338,1395.0,20,147.15,Sat,Rainy,36397.76
428,8400.0,160,507.52,Fri,Cloudy,70464.95
310,9082.0,10,342.12,Sun,Cloudy,63487.95
280,5171.0,55,534.64,Thu,Cloudy,46078.14
90,5360.0,110,132.02,Wed,,12771.35
77,3502.0,158,710.08,Sat,Cloudy,34256.05
184,1717.0,99,781.44,Fri,Rainy,44402.5
250,3782.0,119,778.21,Thu,Cloudy,57085.37
377,5946.0,173,624.76,Thu,Rainy,70373.09
317,6486.0,191,191.06,Mon,Sunny,59872.71
467,9335.0,66,630.78,Mon,Rainy,85470.79
82,5980.0,10,117.21,Sat,Rainy,13154.78
97,8266.0,72,115.49,Fri,Rainy,18865.9
456,5491.0,191,326.53,Thu,Sunny,68087.82
111,8192.0,64,442.05,Sat,Cloudy,28375.5
265,6588.0,124,639.29,Sat,Cloudy,60026.86
342,8651.0,177,578.31,Tue,Sunny,68125.79
148,4636.0,152,412.13,Sun,Rainy,37694.21
221,2167.0,158,291.54,Mon,Cloudy,31430.16
409,2062.0,184,797.99,Fri,Sunny,68433.52
263,3156.0,62,398.33,Thu,Cloudy,33981.46
84,8860.0,146,415.97,Sat,Sunny,36563.78
498,6161.0,189,214.54,Thu,Rainy,85285.13
276,6305.0,66,656.37,Tue,Cloudy,55207.38
150,7541.0,126,585.58,Fri,Sunny,34182.57
480,5729.0,163,254.54,Sat,Cloudy,81561.41
180,8330.0,178,157.67,Thu,Cloudy,38262.78
306,,44,576.35,Mon,,46560.15
54,9924.0,72,558.16,Sun,Cloudy,21569.58
267,5330.0,34,291.28,Tue,Sunny,40222.42
304,9010.0,99,765.6,Fri,Rainy,60369.89
447,7801.0,84,205.74,Tue,Sunny,66360.18
408,5846.0,47,402.63,Mon,Sunny,54962.91
332,7731.0,139,760.53,Fri,Sunny,70449.33
442,8241.0,144,393.81,Tue,Rainy,71986.92
256,1953.0,171,546.97,Wed,Cloudy,45468.18
64,3539.0,100,378.32,Mon,Cloudy,26737.51
395,8056.0,26,291.95,Mon,Cloudy,53607.02
91,2542.0,137,788.78,Mon,Rainy,23490.85
429,6293.0,180,386.53,Wed,Cloudy,77674.79
228,2191.0,196,725.87,Wed,Rainy,59257.79
112,7313.0,117,260.97,Thu,Cloudy,26744.47
401,7938.0,188,249.17,Sat,Cloudy,67378.1
280,3681.0,191,121.79,Sun,Sunny,42188.33
290,2540.0,161,556.17,Tue,Rainy,53252.01
101,7172.0,34,357.97,Thu,Sunny,22548.62
145,6541.0,189,705.05,Tue,Sunny,42147.91
437,2365.0,97,431.25,Sun,Sunny,67697.04
271,9691.0,170,777.74,Sat,Rainy,54948.17
456,9702.0,186,229.87,Wed,Rainy,73420.59
280,8494.0,38,708.04,Sat,Cloudy,43896.89
286,5312.0,72,643.62,Wed,,50048.96
192,2324.0,159,639.65,Sun,Cloudy,41976.78
220,4141.0,163,691.35,Sat,Sunny,49377.96
78,8419.0,165,632.72,Thu,Rainy,35033.88
85,4486.0,123,538.35,Fri,Rainy,32533.66
62,2810.0,58,191.87,Thu,Rainy,7767.72
209,7588.0,90,122.77,Tue,Sunny,30060.56
376,3923.0,93,744.59,Thu,Rainy,66722.04
236,6301.0,114,531.66,Sun,Sunny,36840.89
292,5186.0,186,657.58,Mon,Cloudy,59269.0
135,9905.0,157,437.07,Tue,Sunny,32628.59
333,6977.0,127,182.12,Sat,Cloudy,62487.47
115,5268.0,95,187.63,Tue,Sunny,26831.11
219,5748.0,72,579.9,Fri,Cloudy,42081.12
94,5849.0,198,401.21,Wed,Rainy,38015.95
111,,113,240.37,Sat,Cloudy,21025.74
490,7619.0,58,444.12,Tue,Rainy,70089.95
183,9647.0,80,144.95,Sat,Rainy,29544.58
333,4072.0,10,507.38,Sat,Cloudy,47003.1
77,7530.0,150,288.3,Sat,Sunny,27394.08
157,1504.0,188,658.29,Wed,Sunny,41787.31
93,2214.0,132,317.25,Sun,Sunny,29097.06
389,2531.0,193,418.65,Thu,Sunny,55510.93
335,8576.0,71,108.13,Sat,Sunny,51373.44
495,1823.0,41,150.71,Mon,Rainy,59628.23
380,1928.0,167,374.75,Sun,Sunny,60087.21
177,6029.0,38,435.96,Fri,Rainy,46173.42
397,1133.0,58,520.01,Wed,Rainy,60705.86
280,3105.0,182,304.16,Tue,Rainy,54243.72
239,4627.0,39,586.49,Wed,Cloudy,52932.41
274,7316.0,153,702.09,Tue,Cloudy,62550.94
434,2852.0,177,645.9,Wed,Rainy,70660.53
426,5910.0,28,127.73,Tue,Cloudy,52784.79
332,5175.0,27,436.35,Sat,Sunny,51724.53
495,6348.0,10,173.45,Thu,Sunny,64741.62
170,7190.0,87,269.43,Tue,Rainy,26920.84
165,2256.0,124,790.66,Tue,Sunny,40869.32
282,4376.0,184,199.75,Mon,Rainy,50866.48
308,6645.0,122,449.22,Tue,,63959.88
408,4486.0,123,532.71,Mon,Sunny,64880.63
247,4584.0,175,591.73,Fri,Cloudy,52333.76
460,9053.0,188,491.75,Sat,Sunny,75891.22
186,4330.0,72,106.84,Mon,,35352.45
367,3703.0,141,328.52,Thu,Rainy,58357.11
214,9662.0,138,462.4,Sun,Rainy,41382.64
274,9120.0,17,161.51,Sat,Rainy,43381.29
356,8114.0,166,345.44,Mon,Rainy,64645.41
283,2353.0,64,123.24,Sat,Cloudy,42167.37
221,6063.0,112,155.0,Sat,Cloudy,44524.88
201,9549.0,140,377.85,Sat,Cloudy,37186.67
364,8575.0,41,192.9,Fri,Rainy,51269.79
423,1667.0,19,497.28,Thu,Rainy,63701.74
209,5468.0,119,582.63,Wed,Rainy,40517.51
145,7819.0,171,660.41,Wed,Cloudy,43313.71
282,4719.0,133,240.11,Mon,Rainy,35768.12
229,3745.0,96,217.24,Sat,Sunny,52114.33
162,8483.0,64,173.2,Mon,Sunny,30675.81
367,1539.0,41,545.5,Fri,Rainy,61473.48
491,5964.0,187,594.53,Fri,Sunny,80274.66
101,5835.0,144,122.11,Tue,Sunny,27893.14
317,4775.0,102,755.35,Fri,Cloudy,65749.85
344,7042.0,17,136.38,Tue,Rainy,55638.33
435,8102.0,74,478.91,Thu,Rainy,68542.98
436,8312.0,66,596.34,Mon,Cloudy,70538.43
162,6320.0,76,709.68,Sun,Sunny,43959.03
150,7132.0,196,599.86,Thu,Sunny,54169.72
162,8891.0,81,661.21,Fri,Rainy,41482.36
489,3779.0,63,337.62,Thu,Sunny,79702.82
130,1924.0,76,670.38,Thu,Cloudy,29787.83
236,2581.0,60,156.08,Thu,Cloudy,40485.8
162,8714.0,106,726.37,Fri,,48112.53
51,4324.0,101,483.31,Sun,Cloudy,19829.05
179,6713.0,17,672.11,Sat,Cloudy,34046.66
269,8026.0,171,416.62,Thu,Rainy,59227.05
103,1255.0,44,550.5,Tue,Cloudy,21163.72
392,5804.0,105,468.48,Fri,Cloudy,59488.65
273,2838.0,97,612.11,Thu,Cloudy,45642.25
274,1009.0,87,157.14,Sun,Sunny,37716.23
434,3871.0,41,142.25,Sat,Rainy,63643.64
452,9989.0,129,272.97,Fri,Rainy,75350.96
175,8409.0,55,211.68,Wed,Rainy,37230.69
179,8418.0,153,710.25,Sat,Sunny,48625.05
102,6124.0,174,253.45,Tue,Sunny,26671.75
221,2015.0,191,783.11,Thu,Rainy,52914.16
267,3193.0,151,335.83,Sun,Sunny,53094.12
209,9415.0,64,227.48,Wed,Rainy,42146.72
247,8449.0,185,652.79,Sun,Sunny,57689.33
465,5158.0,16,561.1,Wed,Cloudy,65307.63
296,4925.0,83,448.74,Fri,Cloudy,51400.19
373,7970.0,16,488.75,Wed,Rainy,55166.04
488,7938.0,170,603.44,Tue,Sunny,82341.86
252,5784.0,160,259.92,Tue,Sunny,38564.67
233,5000.0,94,797.43,Mon,Cloudy,40458.66
172,2633.0,156,782.36,Tue,Cloudy,41326.56
450,8266.0,121,555.23,Sat,Sunny,72249.05
304,9702.0,134,239.68,Wed,Sunny,55070.74
343,1384.0,156,576.16,Tue,Sunny,58035.76
329,1404.0,45,150.54,Fri,Sunny,45262.25
374,9175.0,38,121.46,Sun,Sunny,58984.94
421,3000.0,197,280.38,Sun,Sunny,64659.36
147,6989.0,91,423.84,Mon,Rainy,33041.58
247,,11,707.79,Sun,Sunny,50049.96
444,8190.0,138,609.02,Wed,Cloudy,75882.72
289,8140.0,56,619.89,Mon,Rainy,52394.3
193,4636.0,157,397.85,Wed,Sunny,41099.11
146,5809.0,20,342.15,Fri,Cloudy,27492.63
250,5178.0,139,359.73,Mon,Rainy,42940.49
173,8245.0,128,791.35,Thu,Cloudy,40636.1
236,7600.0,149,128.08,Sat,Sunny,39954.04
375,6997.0,29,706.92,Sat,Sunny,67016.0
398,3048.0,14,505.07,Wed,Sunny,55324.92
308,5780.0,46,407.03,Sun,Sunny,49214.83
197,1716.0,175,607.68,Thu,Rainy,46381.68
301,8939.0,146,440.67,Mon,Rainy,55789.29
492,6565.0,62,711.4,Thu,,81229.81
469,5544.0,181,730.49,Thu,Sunny,73018.58
452,5976.0,108,395.2,Sun,Cloudy,69686.22
395,4419.0,95,293.78,Mon,Rainy,60486.38
196,8239.0,117,514.65,Fri,Sunny,43796.64
197,1249.0,33,738.65,Sun,Sunny,29104.36
401,9865.0,90,247.46,Thu,Rainy,70239.46
248,1770.0,167,536.08,Thu,Rainy,43293.84
357,5363.0,129,542.09,Fri,Rainy,63386.94
466,2077.0,68,613.18,Thu,Rainy,70219.12
473,9427.0,137,192.1,Thu,Rainy,79051.65
177,9580.0,123,601.08,Thu,Sunny,55007.64
88,8901.0,124,736.32,Sat,Rainy,28473.78
387,5858.0,23,225.78,Sun,Sunny,52418.53
409,7544.0,18,266.28,Tue,Sunny,60954.86
178,5719.0,49,779.98,Sun,,34558.13
316,3814.0,34,226.68,Fri,Rainy,49982.31
490,4374.0,112,698.07,Thu,Sunny,82587.11
483,2252.0,31,444.59,Sun,Rainy,70777.7
200,7996.0,13,273.06,Sat,Rainy,36325.61
464,5673.0,163,709.52,Fri,Rainy,85859.74
347,5530.0,195,411.71,Wed,Cloudy,56211.52
148,7881.0,38,460.37,Sun,Sunny,33196.69
312,,118,351.46,Wed,Cloudy,51277.09
301,7241.0,107,515.07,Thu,Rainy,59438.43
193,9017.0,46,214.47,Sat,Cloudy,26723.94
395,7941.0,84,373.76,Sat,Rainy,63418.78
161,8002.0,79,778.59,Sun,Cloudy,43026.64
109,2331.0,155,280.69,Fri,Rainy,22167.69
418,5261.0,137,559.72,Fri,Cloudy,66483.65
51,8648.0,94,327.63,Sat,Cloudy,22729.74
434,6115.0,51,641.43,Fri,Cloudy,73918.93
353,5637.0,109,191.61,Sat,Sunny,50029.4
303,5854.0,50,778.87,Sun,Cloudy,50934.0
189,4177.0,175,417.65,Tue,Sunny,46664.29
86,8730.0,43,265.24,Sat,Rainy,22067.72
209,3180.0,26,151.45,Wed,Cloudy,27308.05
58,5892.0,174,218.83,Fri,Rainy,27299.47
282,8043.0,162,463.84,Sat,Rainy,52891.02
148,1137.0,131,335.9,Sat,Cloudy,35395.21
196,7327.0,85,680.22,Sun,Sunny,40516.3
353,4472.0,96,401.62,Fri,Cloudy,55963.93
257,6449.0,126,274.1,Tue,Rainy,51135.56
180,3832.0,115,532.0,Sun,Rainy,37264.3
453,4579.0,95,594.74,Tue,Cloudy,75474.57
201,6971.0,36,216.93,Sun,Sunny,34423.01
103,5164.0,66,217.33,Fri,Sunny,32959.61
169,8941.0,40,125.67,Mon,Rainy,39161.74
210,6569.0,143,615.48,Fri,Rainy,40196.92
457,5300.0,177,564.66,Fri,Sunny,79011.12
165,7269.0,107,432.24,Tue,Cloudy,33366.78
124,4818.0,21,690.92,Tue,Rainy,31105.73
162,2906.0,62,663.97,Fri,Sunny,35166.2
469,7254.0,147,509.75,Fri,Rainy,71802.51
471,1760.0,182,707.79,Fri,Cloudy,82937.27
153,8830.0,154,244.09,Tue,Sunny,37801.86
389,8350.0,163,178.34,Fri,Rainy,62761.68
303,7238.0,199,288.82,Fri,Cloudy,54242.15
276,7090.0,131,139.96,Thu,Rainy,48140.28
161,7031.0,55,471.82,Mon,Cloudy,36811.73
148,8687.0,73,755.62,Wed,Cloudy,39069.02
202,9472.0,139,127.54,Mon,Sunny,26518.1
398,2887.0,63,185.48,Thu,Cloudy,56086.25
451,,116,416.54,Wed,Rainy,62373.49
433,1666.0,60,753.71,Sun,Cloudy,66551.19
415,5188.0,190,321.31,Fri,Cloudy,61247.23
387,1671.0,45,455.06,Thu,Sunny,49770.21
243,7777.0,124,129.1,Sun,Cloudy,49693.71
359,,35,203.84,Fri,Cloudy,53143.14
212,8956.0,38,790.64,Tue,Rainy,44381.09
257,6124.0,158,775.58,Sat,Sunny,57685.52
494,6585.0,20,103.46,Thu,Sunny,65246.95
218,5777.0,49,766.27,Tue,Sunny,55244.68
210,4900.0,20,547.38,Thu,Cloudy,36965.6
117,7677.0,173,707.54,Thu,Sunny,41270.33
338,7981.0,122,418.32,Tue,Cloudy,64174.31
447,7376.0,196,460.92,Wed,Cloudy,84265.87
326,1523.0,48,442.19,Mon,Rainy,45661.22
353,,63,566.8,Fri,Rainy,54636.58
453,3593.0,107,197.76,Thu,Rainy,71923.76
433,8240.0,64,120.98,Fri,Rainy,67617.01
441,,120,315.55,Sat,Rainy,75378.73
184,7190.0,161,593.28,Tue,Cloudy,37937.68
244,6240.0,159,241.3,Fri,Cloudy,53581.5
450,,78,571.4,Tue,Sunny,68658.36
177,3878.0,65,778.94,Fri,Cloudy,40237.96
82,5143.0,42,165.73,Mon,Cloudy,17799.24
225,4644.0,45,570.82,Mon,Rainy,37135.09
492,5432.0,157,410.63,Mon,Cloudy,70332.37
420,2276.0,90,707.7,Mon,Rainy,58617.06
424,6811.0,199,224.0,Mon,Sunny,70233.89
71,1302.0,118,584.84,Mon,Sunny,16607.6
287,1638.0,163,686.68,Tue,Cloudy,48531.52
207,1055.0,82,761.23,Thu,Sunny,40112.27
87,9717.0,49,578.27,Fri,Cloudy,16143.61
279,,26,448.02,Mon,Sunny,52715.2
414,3125.0,138,532.49,Tue,Rainy,55017.91
100,1364.0,70,708.23,Tue,Rainy,26827.79
487,7809.0,180,499.43,Tue,Rainy,81253.75
313,5621.0,113,121.27,Thu,Rainy,52216.16
332,6126.0,51,751.66,Fri,Cloudy,58357.3
76,,34,582.67,Thu,Sunny,34547.19
275,2646.0,48,573.56,Wed,Cloudy,47201.78
326,1918.0,44,250.97,Sun,Rainy,51887.01
335,3797.0,140,561.22,Tue,Cloudy,55038.59
146,7506.0,117,375.71,Wed,Sunny,35614.23
333,6870.0,181,555.86,Sat,Cloudy,70581.75
416,2531.0,188,174.62,Mon,Sunny,62775.62
497,9172.0,111,560.49,Sun,Cloudy,81896.12
366,4345.0,107,799.59,Mon,Sunny,69644.12
353,8673.0,21,133.75,Thu,Sunny,48643.5
196,7949.0,28,784.02,Sun,Rainy,32231.7
53,7882.0,110,384.84,Fri,Sunny,25216.07
84,,53,709.53,Wed,Rainy,30641.1
241,4086.0,196,647.67,Fri,Rainy,44946.62
98,,58,496.91,Thu,Rainy,32786.35
66,6750.0,198,616.91,Mon,Cloudy,35858.48
221,9905.0,26,714.96,Sun,Cloudy,35100.92
269,2062.0,83,382.9,Fri,Cloudy,39141.66
207,2976.0,66,328.92,Fri,Cloudy,33475.46
95,2296.0,64,567.32,Mon,Sunny,24048.48
422,7229.0,56,665.49,Sun,,65489.88
55,8641.0,21,633.6,Wed,Cloudy,20081.79
148,1125.0,71,658.47,Mon,Sunny,40444.46
429,5632.0,89,404.91,Fri,Sunny,65971.45
282,7288.0,92,672.48,Wed,Rainy,50882.38
86,4596.0,17,184.15,Wed,Rainy,17403.2
329,7168.0,158,481.14,Mon,Rainy,63016.95
398,8561.0,90,104.03,Fri,Rainy,60927.38
351,9258.0,127,327.21,Thu,Sunny,59755.91
230,1232.0,34,356.52,Fri,Cloudy,32383.32
144,7371.0,98,377.32,Tue,Sunny,30425.95
148,5206.0,21,586.83,Sun,Sunny,28788.21
237,8943.0,152,371.99,Sat,Sunny,50468.32
165,7891.0,68,414.09,Thu,Rainy,30753.25
240,7738.0,163,266.28,Wed,Rainy,49100.95
302,3472.0,118,361.28,Thu,Rainy,57401.77
465,3739.0,35,259.09,Sun,Cloudy,66056.09
210,6401.0,56,151.24,Wed,Sunny,33541.47
305,2761.0,41,522.41,Sun,Cloudy,42204.32
372,1876.0,19,567.75,Wed,Rainy,63497.58
177,4812.0,25,533.64,Thu,Cloudy,28494.11
67,2460.0,154,424.45,Wed,Sunny,28317.56
330,2733.0,160,365.85,Wed,Sunny,58466.74
272,2605.0,35,704.33,Tue,Rainy,45855.11
103,6622.0,95,463.36,Fri,,28043.11
107,7767.0,144,435.43,Fri,Cloudy,23606.49
372,7986.0,23,117.95,Sat,Rainy,55598.38
409,4517.0,88,338.87,Sat,Rainy,65276.28
223,4735.0,126,366.14,Tue,Sunny,36894.7
329,9434.0,16,379.18,Sat,Rainy,52735.79
163,3590.0,146,506.12,Sun,Rainy,37513.11
337,2063.0,124,473.52,Thu,Sunny,58316.06
480,5324.0,185,525.53,Mon,Sunny,79011.17
391,6342.0,81,635.42,Sun,Cloudy,57443.3
200,1005.0,68,669.09,Mon,Rainy,35590.66
499,8489.0,91,602.69,Mon,Sunny,81384.68
176,,125,768.87,Tue,Cloudy,50837.89
204,9195.0,176,112.76,Sun,Cloudy,39239.22
435,6966.0,155,237.04,Tue,Rainy,80016.65
322,9837.0,196,105.29,Wed,Rainy,48416.58
153,1117.0,112,553.23,Mon,Cloudy,30333.55
466,3551.0,26,728.62,Thu,Sunny,70574.93
442,6560.0,23,270.44,Sat,Cloudy,62490.85
348,5289.0,168,748.92,Thu,Rainy,59464.29
295,1846.0,161,142.19,Sat,Sunny,49298.96
225,7316.0,117,754.11,Mon,Sunny,51869.92
88,7469.0,197,346.14,Mon,,31817.11
219,9915.0,54,170.99,Mon,Rainy,41136.07
296,1224.0,107,440.11,Tue,Cloudy,46331.97
75,5208.0,140,279.74,Sun,Cloudy,16275.69
404,7283.0,46,299.41,Sat,Cloudy,57514.35
355,3048.0,180,315.1,Sun,,59550.17
458,7233.0,177,662.12,Tue,Sunny,80341.92
457,2828.0,192,477.41,Tue,Rainy,74070.45
62,2917.0,117,317.92,Fri,Rainy,23135.94
365,5234.0,48,527.23,Thu,Cloudy,55389.92
440,7988.0,24,601.31,Thu,Cloudy,69543.46
362,3026.0,129,290.84,Wed,Cloudy,59533.86
85,4744.0,13,389.48,Tue,Rainy,20062.95
222,1009.0,102,185.32,Sat,Sunny,29110.38
69,1260.0,162,226.8,Fri,Sunny,15982.56
370,7038.0,150,576.78,Fri,Cloudy,70336.36
313,3219.0,170,227.01,Sun,Cloudy,59002.71
449,8041.0,25,467.61,Thu,Cloudy,74453.37
191,3060.0,179,596.33,Tue,Cloudy,44423.73
420,6287.0,117,174.81,Wed,Rainy,57886.09
192,2619.0,135,497.12,Tue,Sunny,39310.24
141,9512.0,64,279.59,Sun,Cloudy,39734.73
403,2342.0,179,774.05,Mon,Rainy,73886.79
371,3832.0,43,438.48,Tue,Cloudy,55275.41
337,3824.0,167,664.19,Sun,Cloudy,64955.18
264,2994.0,22,485.16,Mon,Sunny,36105.62
496,4490.0,150,130.39,Mon,Cloudy,69089.49
391,8984.0,27,543.21,Wed,Sunny,58184.39
100,2604.0,169,765.98,Sat,Sunny,36370.76
202,1235.0,105,521.13,Thu,Sunny,41865.47
235,,132,673.43,Tue,Rainy,46458.72
112,,48,718.94,Mon,Rainy,29913.05
239,4530.0,55,259.66,Tue,Sunny,38850.15
174,6256.0,38,248.43,Sat,Cloudy,29078.35
199,3635.0,199,527.69,Thu,Sunny,40672.5
363,,71,387.72,Sat,Cloudy,61950.37
107,3560.0,194,687.9,Thu,Sunny,31916.54
391,6415.0,25,730.02,Fri,,56420.55
354,4391.0,193,347.39,Thu,Rainy,54133.08
229,6951.0,130,265.81,Wed,Cloudy,35511.65
112,,48,718.94,Mon,Rainy,29913.05
282,7288.0,92,672.48,Wed,Rainy,50882.38
179,6713.0,17,672.11,Sat,Cloudy,34046.66
416,9867.0,116,672.58,Tue,Cloudy,81358.92
437,2365.0,97,431.25,Sun,Sunny,67697.04
225,7316.0,117,754.11,Mon,Sunny,51869.92
366,4345.0,107,799.59,Mon,Sunny,69644.12
293,2679.0,24,587.21,Wed,Cloudy,50577.77
286,5312.0,72,643.62,Wed,,50048.96
71,,32,525.42,Thu,Rainy,25596.65
